series_id,item_code,item_name,period,value
CUUR0000SA0,SA0,All items,2020-01,257.971
CUUR0000SA0,SA0,All items,2020-02,258.678
CUUR0000SA0,SA0,All items,2020-03,258.115
CUUR0000SA0,SA0,All items,2020-04,256.389
CUUR0000SA0,SA0,All items,2020-05,256.394
CUUR0000SA0,SA0,All items,2020-06,257.797
CUUR0000SA0,SA0,All items,2020-07,259.101
CUUR0000SA0,SA0,All items,2020-08,259.918
CUUR0000SA0,SA0,All items,2020-09,260.28
CUUR0000SA0,SA0,All items,2020-10,260.388
CUUR0000SA0,SA0,All items,2020-11,260.229
CUUR0000SA0,SA0,All items,2020-12,260.474
CUUR0000SA0,SA0,All items,2021-01,261.582
CUUR0000SA0,SA0,All items,2021-02,263.014
CUUR0000SA0,SA0,All items,2021-03,264.877
CUUR0000SA0,SA0,All items,2021-04,267.054
CUUR0000SA0,SA0,All items,2021-05,269.195
CUUR0000SA0,SA0,All items,2021-06,271.696
CUUR0000SA0,SA0,All items,2021-07,273.003
CUUR0000SA0,SA0,All items,2021-08,273.567
CUUR0000SA0,SA0,All items,2021-09,274.31
CUUR0000SA0,SA0,All items,2021-10,276.589
CUUR0000SA0,SA0,All items,2021-11,277.948
CUUR0000SA0,SA0,All items,2021-12,278.802
CUUR0000SA0,SA0,All items,2022-01,281.148
CUUR0000SA0,SA0,All items,2022-02,283.716
CUUR0000SA0,SA0,All items,2022-03,287.504
CUUR0000SA0,SA0,All items,2022-04,289.109
CUUR0000SA0,SA0,All items,2022-05,292.296
CUUR0000SA0,SA0,All items,2022-06,296.311
CUUR0000SA0,SA0,All items,2022-07,296.276
CUUR0000SA0,SA0,All items,2022-08,296.171
CUUR0000SA0,SA0,All items,2022-09,296.808
CUUR0000SA0,SA0,All items,2022-10,298.012
CUUR0000SA0,SA0,All items,2022-11,297.711
CUUR0000SA0,SA0,All items,2022-12,296.797
CUUR0000SA0,SA0,All items,2023-01,299.17
CUUR0000SA0,SA0,All items,2023-02,300.84
CUUR0000SA0,SA0,All items,2023-03,301.836
CUUR0000SA0,SA0,All items,2023-04,303.363
CUUR0000SA0,SA0,All items,2023-05,304.127
CUUR0000SA0,SA0,All items,2023-06,305.109
CUUR0000SA0,SA0,All items,2023-07,305.691
CUUR0000SA0,SA0,All items,2023-08,307.026
CUUR0000SA0,SA0,All items,2023-09,307.789
CUUR0000SA0,SA0,All items,2023-10,307.671
CUUR0000SA0,SA0,All items,2023-11,307.051
CUUR0000SA0,SA0,All items,2023-12,306.746
CUUR0000SA0,SA0,All items,2024-01,308.417
CUUR0000SA0,SA0,All items,2024-02,310.326
CUUR0000SA0,SA0,All items,2024-03,312.332
CUUR0000SA0,SA0,All items,2024-04,313.548
CUUR0000SA0,SA0,All items,2024-05,314.069
CUUR0000SA0,SA0,All items,2024-06,314.175
CUUR0000SA0,SA0,All items,2024-07,314.54
CUUR0000SA0,SA0,All items,2024-08,314.796
CUUR0000SA0,SA0,All items,2024-09,315.301
CUUR0000SA0,SA0,All items,2024-10,315.664
CUUR0000SA0,SA0,All items,2024-11,315.493
CUUR0000SA0,SA0,All items,2024-12,315.605
CUUR0000SA0,SA0,All items,2025-01,317.671
CUUR0000SA0,SA0,All items,2025-02,319.082
CUUR0000SA0,SA0,All items,2025-03,319.799
CUUR0000SA0,SA0,All items,2025-04,320.795
CUUR0000SA0,SA0,All items,2025-05,321.465
CUUR0000SA0,SA0,All items,2025-06,322.561
CUUR0000SA0,SA0,All items,2025-07,323.048
CUUR0000SA0,SA0,All items,2025-08,323.976
CUUR0000SA0,SA0,All items,2025-09,324.8
CUUR0000SA0,SA0,All items,2025-11,324.122
CUUR0000SA0,SA0,All items,2025-12,324.054
CUUR0000SA0,SA0,All items,2026-01,325.252
CUUR0000SA0,SA0,All items,2026-02,326.785
CUUR0000SA0,SA0,All items,2026-03,330.213
CUUR0000SA0,SA0,All items,2026-04,333.02
CUUR0000SA0,SA0,All items,2026-05,335.123
CUUR0000SA0,SA0,All items,2026-06,333.952
CUUR0000SA0,SA0,All items,2026-07,333.918
CUUR0000SA0E,SA0E,Energy,2020-01,213.043
CUUR0000SA0E,SA0E,Energy,2020-02,208.354
CUUR0000SA0E,SA0E,Energy,2020-03,199.573
CUUR0000SA0E,SA0E,Energy,2020-04,183.081
CUUR0000SA0E,SA0E,Energy,2020-05,183.076
CUUR0000SA0E,SA0E,Energy,2020-06,193.379
CUUR0000SA0E,SA0E,Energy,2020-07,197.665
CUUR0000SA0E,SA0E,Energy,2020-08,197.362
CUUR0000SA0E,SA0E,Energy,2020-09,198.858
CUUR0000SA0E,SA0E,Energy,2020-10,196.458
CUUR0000SA0E,SA0E,Energy,2020-11,194.388
CUUR0000SA0E,SA0E,Energy,2020-12,198.155
CUUR0000SA0E,SA0E,Energy,2021-01,205.273
CUUR0000SA0E,SA0E,Energy,2021-02,213.277
CUUR0000SA0E,SA0E,Energy,2021-03,225.861
CUUR0000SA0E,SA0E,Energy,2021-04,229.116
CUUR0000SA0E,SA0E,Energy,2021-05,235.339
CUUR0000SA0E,SA0E,Energy,2021-06,240.72
CUUR0000SA0E,SA0E,Energy,2021-07,244.8
CUUR0000SA0E,SA0E,Energy,2021-08,246.639
CUUR0000SA0E,SA0E,Energy,2021-09,248.228
CUUR0000SA0E,SA0E,Energy,2021-10,255.338
CUUR0000SA0E,SA0E,Energy,2021-11,259.1
CUUR0000SA0E,SA0E,Energy,2021-12,256.207
CUUR0000SA0E,SA0E,Energy,2022-01,260.653
CUUR0000SA0E,SA0E,Energy,2022-02,267.771
CUUR0000SA0E,SA0E,Energy,2022-03,298.246
CUUR0000SA0E,SA0E,Energy,2022-04,298.469
CUUR0000SA0E,SA0E,Energy,2022-05,316.761
CUUR0000SA0E,SA0E,Energy,2022-06,340.917
CUUR0000SA0E,SA0E,Energy,2022-07,325.407
CUUR0000SA0E,SA0E,Energy,2022-08,305.372
CUUR0000SA0E,SA0E,Energy,2022-09,297.343
CUUR0000SA0E,SA0E,Energy,2022-10,300.359
CUUR0000SA0E,SA0E,Energy,2022-11,292.953
CUUR0000SA0E,SA0E,Energy,2022-12,274.937
CUUR0000SA0E,SA0E,Energy,2023-01,283.33
CUUR0000SA0E,SA0E,Energy,2023-02,281.673
CUUR0000SA0E,SA0E,Energy,2023-03,279.084
CUUR0000SA0E,SA0E,Energy,2023-04,283.352
CUUR0000SA0E,SA0E,Energy,2023-05,279.816
CUUR0000SA0E,SA0E,Energy,2023-06,283.854
CUUR0000SA0E,SA0E,Energy,2023-07,284.828
CUUR0000SA0E,SA0E,Energy,2023-08,294.328
CUUR0000SA0E,SA0E,Energy,2023-09,296.004
CUUR0000SA0E,SA0E,Energy,2023-10,286.754
CUUR0000SA0E,SA0E,Energy,2023-11,277.029
CUUR0000SA0E,SA0E,Energy,2023-12,269.375
CUUR0000SA0E,SA0E,Energy,2024-01,270.42
CUUR0000SA0E,SA0E,Energy,2024-02,276.331
CUUR0000SA0E,SA0E,Energy,2024-03,285.002
CUUR0000SA0E,SA0E,Energy,2024-04,290.76
CUUR0000SA0E,SA0E,Energy,2024-05,290.139
CUUR0000SA0E,SA0E,Energy,2024-06,286.675
CUUR0000SA0E,SA0E,Energy,2024-07,287.868
CUUR0000SA0E,SA0E,Energy,2024-08,282.614
CUUR0000SA0E,SA0E,Energy,2024-09,275.74
CUUR0000SA0E,SA0E,Energy,2024-10,272.807
CUUR0000SA0E,SA0E,Energy,2024-11,268.213
CUUR0000SA0E,SA0E,Energy,2024-12,267.963
CUUR0000SA0E,SA0E,Energy,2025-01,273.045
CUUR0000SA0E,SA0E,Energy,2025-02,275.867
CUUR0000SA0E,SA0E,Energy,2025-03,275.734
CUUR0000SA0E,SA0E,Energy,2025-04,279.888
CUUR0000SA0E,SA0E,Energy,2025-05,280.097
CUUR0000SA0E,SA0E,Energy,2025-06,284.307
CUUR0000SA0E,SA0E,Energy,2025-07,283.395
CUUR0000SA0E,SA0E,Energy,2025-08,283.247
CUUR0000SA0E,SA0E,Energy,2025-09,283.589
CUUR0000SA0E,SA0E,Energy,2025-11,279.588
CUUR0000SA0E,SA0E,Energy,2025-12,274.131
CUUR0000SA0E,SA0E,Energy,2026-01,272.668
CUUR0000SA0E,SA0E,Energy,2026-02,277.179
CUUR0000SA0E,SA0E,Energy,2026-03,310.28
CUUR0000SA0E,SA0E,Energy,2026-04,329.907
CUUR0000SA0E,SA0E,Energy,2026-05,346.042
CUUR0000SA0E,SA0E,Energy,2026-06,328.95
CUUR0000SA0E,SA0E,Energy,2026-07,325.15
CUUR0000SAF1,SAF1,Food,2020-01,261.293
CUUR0000SAF1,SAF1,Food,2020-02,261.962
CUUR0000SAF1,SAF1,Food,2020-03,262.622
CUUR0000SAF1,SAF1,Food,2020-04,266.37
CUUR0000SAF1,SAF1,Food,2020-05,268.086
CUUR0000SAF1,SAF1,Food,2020-06,269.553
CUUR0000SAF1,SAF1,Food,2020-07,268.532
CUUR0000SAF1,SAF1,Food,2020-08,268.957
CUUR0000SAF1,SAF1,Food,2020-09,269.043
CUUR0000SAF1,SAF1,Food,2020-10,269.653
CUUR0000SAF1,SAF1,Food,2020-11,269.636
CUUR0000SAF1,SAF1,Food,2020-12,270.781
CUUR0000SAF1,SAF1,Food,2021-01,271.195
CUUR0000SAF1,SAF1,Food,2021-02,271.425
CUUR0000SAF1,SAF1,Food,2021-03,271.636
CUUR0000SAF1,SAF1,Food,2021-04,272.715
CUUR0000SAF1,SAF1,Food,2021-05,273.932
CUUR0000SAF1,SAF1,Food,2021-06,275.997
CUUR0000SAF1,SAF1,Food,2021-07,277.813
CUUR0000SAF1,SAF1,Food,2021-08,279.01
CUUR0000SAF1,SAF1,Food,2021-09,281.366
CUUR0000SAF1,SAF1,Food,2021-10,283.972
CUUR0000SAF1,SAF1,Food,2021-11,286.151
CUUR0000SAF1,SAF1,Food,2021-12,287.812
CUUR0000SAF1,SAF1,Food,2022-01,290.077
CUUR0000SAF1,SAF1,Food,2022-02,292.899
CUUR0000SAF1,SAF1,Food,2022-03,295.546
CUUR0000SAF1,SAF1,Food,2022-04,298.339
CUUR0000SAF1,SAF1,Food,2022-05,301.755
CUUR0000SAF1,SAF1,Food,2022-06,304.834
CUUR0000SAF1,SAF1,Food,2022-07,308.193
CUUR0000SAF1,SAF1,Food,2022-08,310.794
CUUR0000SAF1,SAF1,Food,2022-09,312.901
CUUR0000SAF1,SAF1,Food,2022-10,315.038
CUUR0000SAF1,SAF1,Food,2022-11,316.62
CUUR0000SAF1,SAF1,Food,2022-12,317.813
CUUR0000SAF1,SAF1,Food,2023-01,319.3
CUUR0000SAF1,SAF1,Food,2023-02,320.543
CUUR0000SAF1,SAF1,Food,2023-03,320.554
CUUR0000SAF1,SAF1,Food,2023-04,321.213
CUUR0000SAF1,SAF1,Food,2023-05,322.009
CUUR0000SAF1,SAF1,Food,2023-06,322.365
CUUR0000SAF1,SAF1,Food,2023-07,323.201
CUUR0000SAF1,SAF1,Food,2023-08,324.042
CUUR0000SAF1,SAF1,Food,2023-09,324.379
CUUR0000SAF1,SAF1,Food,2023-10,325.442
CUUR0000SAF1,SAF1,Food,2023-11,325.93
CUUR0000SAF1,SAF1,Food,2023-12,326.434
CUUR0000SAF1,SAF1,Food,2024-01,327.424
CUUR0000SAF1,SAF1,Food,2024-02,327.707
CUUR0000SAF1,SAF1,Food,2024-03,327.774
CUUR0000SAF1,SAF1,Food,2024-04,328.449
CUUR0000SAF1,SAF1,Food,2024-05,328.949
CUUR0000SAF1,SAF1,Food,2024-06,329.6
CUUR0000SAF1,SAF1,Food,2024-07,330.329
CUUR0000SAF1,SAF1,Food,2024-08,330.748
CUUR0000SAF1,SAF1,Food,2024-09,331.753
CUUR0000SAF1,SAF1,Food,2024-10,332.463
CUUR0000SAF1,SAF1,Food,2024-11,333.629
CUUR0000SAF1,SAF1,Food,2024-12,334.464
CUUR0000SAF1,SAF1,Food,2025-01,335.441
CUUR0000SAF1,SAF1,Food,2025-02,336.065
CUUR0000SAF1,SAF1,Food,2025-03,337.331
CUUR0000SAF1,SAF1,Food,2025-04,337.493
CUUR0000SAF1,SAF1,Food,2025-05,338.474
CUUR0000SAF1,SAF1,Food,2025-06,339.468
CUUR0000SAF1,SAF1,Food,2025-07,339.891
CUUR0000SAF1,SAF1,Food,2025-08,341.32
CUUR0000SAF1,SAF1,Food,2025-09,342.086
CUUR0000SAF1,SAF1,Food,2025-11,342.386
CUUR0000SAF1,SAF1,Food,2025-12,344.632
CUUR0000SAF1,SAF1,Food,2026-01,345.271
CUUR0000SAF1,SAF1,Food,2026-02,346.622
CUUR0000SAF1,SAF1,Food,2026-03,346.603
CUUR0000SAF1,SAF1,Food,2026-04,348.349
CUUR0000SAF1,SAF1,Food,2026-05,348.892
CUUR0000SAF1,SAF1,Food,2026-06,349.609
CUUR0000SAF1,SAF1,Food,2026-07,349.881
